position,aa,structure,aa_disorder,aa_segN
3,E,0,1,[]
4,Q,+,1,[]
5,K,E,0,[]
6,A,E,0,['S12']
7,L,E,0,['S12']
8,V,E,0,['S12']
9,K,-,1,['S12']
10,R,-,1,['S12']
11,I,B,0,['S12']
12,T,-,1,['S12']
13,N,S,1,"['S11', 'S12']"
14,E,S,1,"['S11', 'S12']"
15,T,E,0,"['S11', 'S12']"
16,K,E,0,"['S11', 'S12']"
17,I,E,0,"['S11', 'S12']"
18,Q,E,0,"['S11', 'S12']"
19,I,E,0,"['S11', 'S12']"
20,A,E,0,"['S11', 'S12']"
21,I,E,0,"['S11', 'S12']"
22,S,E,0,"['S11', 'S12']"
23,L,T,1,"['S11', 'S12']"
24,K,T,1,"['S11', 'S12']"
25,G,<,1,['S11']
26,G,B,0,['S11']
27,P,-,1,['S11']
28,L,+,1,['S11']
29,A,-,1,['S11']
30,I,-,1,['S10']
31,E,S,1,['S10']
32,H,S,1,['S10']
33,S,-,1,['S10']
34,I,S,1,['S10']
35,F,S,1,['S10']
36,P,S,1,"['S9', 'S10']"
37,E,0,1,"['S9', 'S10']"
38,K,0,1,"['S9', 'S10']"
39,E,disordered,1,"['S9', 'S10']"
40,A,disordered,1,"['S9', 'S10']"
41,E,disordered,1,"['S9', 'S10']"
42,A,disordered,1,"['S9', 'S10']"
43,V,disordered,1,"['S9', 'S10']"
44,A,0,1,"['S9', 'S10']"
45,E,E,0,"['S9', 'S10']"
46,Q,E,0,"['S9', 'S10']"
47,A,E,0,"['S9', 'S10']"
48,T,-,1,['S9']
49,Q,S,1,['S9']
50,S,S,1,['S9']
51,Q,B,0,['S9']
52,V,E,0,['S9']
53,I,E,0,['S9']
54,N,E,0,['S9']
55,V,E,0,['S9']
56,H,E,0,['S8']
57,T,-,1,['S8']
58,G,S,1,['S8']
59,I,>,1,['S8']
60,G,H,0,['S8']
61,F,H,0,['S8']
62,L,H,0,['S8']
63,D,H,0,['S8']
64,H,H,0,['S8']
65,M,H,0,['S8']
66,I,H,0,"['S7', 'S8']"
67,H,H,0,"['S7', 'S8']"
68,A,H,0,"['S7', 'S8']"
69,L,H,0,"['S7', 'S8']"
70,A,H,0,"['S7', 'S8']"
71,K,H,0,"['S7', 'S8']"
72,H,T,1,"['S7', 'S8']"
73,S,T,1,"['S7', 'S8']"
74,G,T,1,"['S7', 'S8']"
75,W,<,1,"['S7', 'S8']"
76,S,E,0,"['S7', 'S8']"
77,L,E,0,"['S7', 'S8']"
78,I,E,0,"['S7', 'S8']"
79,V,E,0,"['S7', 'S8']"
80,E,E,0,"['S7', 'S8']"
81,C,E,0,"['S7', 'S8']"
82,I,E,0,"['S7', 'S8']"
83,G,E,0,"['S7', 'S8']"
84,D,+,1,"['S7', 'S8']"
85,L,+,1,"['S7', 'S8']"
86,H,S,1,['S7']
87,I,S,1,['S7']
88,D,-,1,['S7']
89,D,S,1,['S7']
90,H,S,1,['S7']
91,H,H,0,['S7']
92,T,H,0,['S7']
93,T,H,0,['S7']
94,E,H,0,['S7']
95,D,H,0,['S7']
96,C,H,0,['S6']
97,G,H,0,['S6']
98,I,H,0,['S6']
99,A,H,0,['S6']
100,L,H,0,['S6']
101,G,H,0,['S6']
102,Q,H,0,['S6']
103,A,H,0,['S6']
104,F,H,0,['S6']
105,K,H,0,['S6']
106,E,H,0,"['S1', 'S6']"
107,A,H,0,"['S1', 'S6']"
108,L,<,1,"['S1', 'S6']"
109,G,+,1,"['S1', 'S6']"
110,A,-,1,"['S1', 'S6']"
111,V,+,1,"['S1', 'S6']"
112,R,+,1,"['S1', 'S6']"
113,G,S,1,"['S1', 'S6']"
114,V,S,1,"['S1', 'S6']"
115,K,-,1,"['S1', 'S6']"
116,R,+,1,"['S1', 'S6']"
117,F,+,1,"['S1', 'S6']"
118,G,E,0,"['S1', 'S6']"
119,S,E,0,"['S1', 'S6']"
120,G,E,0,"['S1', 'S6']"
121,F,E,0,"['S1', 'S6']"
122,A,E,0,"['S1', 'S6']"
123,P,E,0,"['S1', 'S6']"
124,L,E,0,"['S1', 'S6']"
125,D,T,1,"['S1', 'S6']"
126,E,T,1,['S1']
127,A,E,0,['S1']
128,L,E,0,['S1']
129,S,E,0,['S1']
130,R,E,0,['S1']
131,A,E,0,['S1']
132,V,E,0,['S1']
133,V,E,0,['S1']
134,D,-,1,['S1']
135,L,+,1,['S1']
136,S,-,1,['S2']
137,N,S,1,['S2']
138,R,S,1,['S2']
139,P,+,1,['S2']
140,Y,E,0,['S2']
141,A,E,0,['S2']
142,V,E,0,['S2']
143,V,E,0,['S2']
144,E,E,0,['S2']
145,L,-,1,"['S2', 'S3']"
146,G,+,1,"['S2', 'S3']"
147,L,-,1,"['S2', 'S3']"
148,Q,+,1,"['S2', 'S3']"
149,R,-,1,"['S2', 'S3']"
150,E,S,1,"['S2', 'S3']"
151,K,-,1,"['S2', 'S3']"
152,V,S,1,"['S2', 'S3']"
153,G,S,1,"['S2', 'S3']"
154,D,S,1,"['S2', 'S3']"
155,L,S,1,"['S2', 'S3']"
156,S,-,1,"['S2', 'S3']"
157,C,S,1,"['S2', 'S3']"
158,E,S,1,"['S2', 'S3']"
159,M,H,0,"['S2', 'S3']"
160,I,H,0,"['S2', 'S3']"
161,P,H,0,"['S2', 'S3']"
162,H,H,0,"['S2', 'S3']"
163,F,H,0,"['S2', 'S3']"
164,L,H,0,['S3']
165,E,H,0,['S3']
166,S,H,0,['S3']
167,F,H,0,['S3']
168,A,H,0,['S3']
169,E,H,0,['S3']
170,A,H,0,['S3']
171,S,H,0,['S4']
172,R,T,1,['S4']
173,I,<,1,['S4']
174,T,E,0,['S4']
175,L,E,0,['S4']
176,H,E,0,['S4']
177,V,E,0,['S4']
178,D,E,0,['S4']
179,C,E,0,['S4']
180,L,E,0,['S4']
181,R,E,0,"['S4', 'S5']"
182,G,-,1,"['S4', 'S5']"
183,K,S,1,"['S4', 'S5']"
184,N,>,1,"['S4', 'S5']"
185,D,H,0,"['S4', 'S5']"
186,H,H,0,"['S4', 'S5']"
187,H,H,0,"['S4', 'S5']"
188,R,H,0,"['S4', 'S5']"
189,S,H,0,"['S4', 'S5']"
190,E,H,0,"['S4', 'S5']"
191,S,H,0,"['S4', 'S5']"
192,A,H,0,"['S4', 'S5']"
193,F,H,0,"['S4', 'S5']"
194,K,H,0,"['S4', 'S5']"
195,A,H,0,"['S4', 'S5']"
196,L,H,0,"['S4', 'S5']"
197,A,H,0,"['S4', 'S5']"
198,V,H,0,"['S4', 'S5']"
199,A,H,0,"['S4', 'S5']"
200,I,H,0,"['S4', 'S5']"
201,R,H,0,['S5']
202,E,H,0,['S5']
203,A,H,0,['S5']
204,T,S,1,['S5']
205,S,S,1,['S5']
206,P,+,1,['S5']
207,N,-,1,['S5']
208,G,+,1,['S5']
209,T,S,1,['S5']
210,N,+,1,['S5']
211,D,-,1,['S5']
212,V,-,1,[]
213,P,+,1,[]
214,S,-,1,[]
215,T,S,1,[]
216,K,S,1,[]
217,G,S,1,[]
218,V,0,1,[]
219,L,0,1,[]
